username,password,firstname,lastname,email
testuser001,Te-St_001,001,testuser,test001@localhost.localdomain.com
testuser002,Te-St_002,002,testuser,test002@localhost.localdomain.com
testuser003,Te-St_003,003,testuser,test003@localhost.localdomain.com
testuser004,Te-St_004,004,testuser,test004@localhost.localdomain.com
testuser005,Te-St_005,005,testuser,test005@localhost.localdomain.com
testuser006,Te-St_006,006,testuser,test006@localhost.localdomain.com
testuser007,Te-St_007,007,testuser,test007@localhost.localdomain.com
testuser008,Te-St_008,008,testuser,test008@localhost.localdomain.com
testuser009,Te-St_009,009,testuser,test009@localhost.localdomain.com
testuser010,Te-St_010,010,testuser,test010@localhost.localdomain.com
testuser011,Te-St_011,011,testuser,test011@localhost.localdomain.com
testuser012,Te-St_012,012,testuser,test012@localhost.localdomain.com
testuser013,Te-St_013,013,testuser,test013@localhost.localdomain.com
testuser014,Te-St_014,014,testuser,test014@localhost.localdomain.com
testuser015,Te-St_015,015,testuser,test015@localhost.localdomain.com
testuser016,Te-St_016,016,testuser,test016@localhost.localdomain.com
testuser017,Te-St_017,017,testuser,test017@localhost.localdomain.com
testuser018,Te-St_018,018,testuser,test018@localhost.localdomain.com
testuser019,Te-St_019,019,testuser,test019@localhost.localdomain.com
testuser020,Te-St_020,020,testuser,test020@localhost.localdomain.com
testuser021,Te-St_021,021,testuser,test021@localhost.localdomain.com
testuser022,Te-St_022,022,testuser,test022@localhost.localdomain.com
testuser023,Te-St_023,023,testuser,test023@localhost.localdomain.com
testuser024,Te-St_024,024,testuser,test024@localhost.localdomain.com
testuser025,Te-St_025,025,testuser,test025@localhost.localdomain.com
testuser026,Te-St_026,026,testuser,test026@localhost.localdomain.com
testuser027,Te-St_027,027,testuser,test027@localhost.localdomain.com
testuser028,Te-St_028,028,testuser,test028@localhost.localdomain.com
testuser029,Te-St_029,029,testuser,test029@localhost.localdomain.com
testuser030,Te-St_030,030,testuser,test030@localhost.localdomain.com
testuser031,Te-St_031,031,testuser,test031@localhost.localdomain.com
testuser032,Te-St_032,032,testuser,test032@localhost.localdomain.com
testuser033,Te-St_033,033,testuser,test033@localhost.localdomain.com
testuser034,Te-St_034,034,testuser,test034@localhost.localdomain.com
testuser035,Te-St_035,035,testuser,test035@localhost.localdomain.com
testuser036,Te-St_036,036,testuser,test036@localhost.localdomain.com
testuser037,Te-St_037,037,testuser,test037@localhost.localdomain.com
testuser038,Te-St_038,038,testuser,test038@localhost.localdomain.com
testuser039,Te-St_039,039,testuser,test039@localhost.localdomain.com
testuser040,Te-St_040,040,testuser,test040@localhost.localdomain.com
testuser041,Te-St_041,041,testuser,test041@localhost.localdomain.com
testuser042,Te-St_042,042,testuser,test042@localhost.localdomain.com
testuser043,Te-St_043,043,testuser,test043@localhost.localdomain.com
testuser044,Te-St_044,044,testuser,test044@localhost.localdomain.com
testuser045,Te-St_045,045,testuser,test045@localhost.localdomain.com
testuser046,Te-St_046,046,testuser,test046@localhost.localdomain.com
testuser047,Te-St_047,047,testuser,test047@localhost.localdomain.com
testuser048,Te-St_048,048,testuser,test048@localhost.localdomain.com
testuser049,Te-St_049,049,testuser,test049@localhost.localdomain.com
testuser050,Te-St_050,050,testuser,test050@localhost.localdomain.com
testuser051,Te-St_051,051,testuser,test051@localhost.localdomain.com
testuser052,Te-St_052,052,testuser,test052@localhost.localdomain.com
testuser053,Te-St_053,053,testuser,test053@localhost.localdomain.com
testuser054,Te-St_054,054,testuser,test054@localhost.localdomain.com
testuser055,Te-St_055,055,testuser,test055@localhost.localdomain.com
testuser056,Te-St_056,056,testuser,test056@localhost.localdomain.com
testuser057,Te-St_057,057,testuser,test057@localhost.localdomain.com
testuser058,Te-St_058,058,testuser,test058@localhost.localdomain.com
testuser059,Te-St_059,059,testuser,test059@localhost.localdomain.com
testuser060,Te-St_060,060,testuser,test060@localhost.localdomain.com
testuser061,Te-St_061,061,testuser,test061@localhost.localdomain.com
testuser062,Te-St_062,062,testuser,test062@localhost.localdomain.com
testuser063,Te-St_063,063,testuser,test063@localhost.localdomain.com
testuser064,Te-St_064,064,testuser,test064@localhost.localdomain.com
testuser065,Te-St_065,065,testuser,test065@localhost.localdomain.com
testuser066,Te-St_066,066,testuser,test066@localhost.localdomain.com
testuser067,Te-St_067,067,testuser,test067@localhost.localdomain.com
testuser068,Te-St_068,068,testuser,test068@localhost.localdomain.com
testuser069,Te-St_069,069,testuser,test069@localhost.localdomain.com
testuser070,Te-St_070,070,testuser,test070@localhost.localdomain.com
testuser071,Te-St_071,071,testuser,test071@localhost.localdomain.com
testuser072,Te-St_072,072,testuser,test072@localhost.localdomain.com
testuser073,Te-St_073,073,testuser,test073@localhost.localdomain.com
testuser074,Te-St_074,074,testuser,test074@localhost.localdomain.com
testuser075,Te-St_075,075,testuser,test075@localhost.localdomain.com
testuser076,Te-St_076,076,testuser,test076@localhost.localdomain.com
testuser077,Te-St_077,077,testuser,test077@localhost.localdomain.com
testuser078,Te-St_078,078,testuser,test078@localhost.localdomain.com
testuser079,Te-St_079,079,testuser,test079@localhost.localdomain.com
testuser080,Te-St_080,080,testuser,test080@localhost.localdomain.com
testuser081,Te-St_081,081,testuser,test081@localhost.localdomain.com
testuser082,Te-St_082,082,testuser,test082@localhost.localdomain.com
testuser083,Te-St_083,083,testuser,test083@localhost.localdomain.com
testuser084,Te-St_084,084,testuser,test084@localhost.localdomain.com
testuser085,Te-St_085,085,testuser,test085@localhost.localdomain.com
testuser086,Te-St_086,086,testuser,test086@localhost.localdomain.com
testuser087,Te-St_087,087,testuser,test087@localhost.localdomain.com
testuser088,Te-St_088,088,testuser,test088@localhost.localdomain.com
testuser089,Te-St_089,089,testuser,test089@localhost.localdomain.com
testuser090,Te-St_090,090,testuser,test090@localhost.localdomain.com
testuser091,Te-St_091,091,testuser,test091@localhost.localdomain.com
testuser092,Te-St_092,092,testuser,test092@localhost.localdomain.com
testuser093,Te-St_093,093,testuser,test093@localhost.localdomain.com
testuser094,Te-St_094,094,testuser,test094@localhost.localdomain.com
testuser095,Te-St_095,095,testuser,test095@localhost.localdomain.com
testuser096,Te-St_096,096,testuser,test096@localhost.localdomain.com
testuser097,Te-St_097,097,testuser,test097@localhost.localdomain.com
testuser098,Te-St_098,098,testuser,test098@localhost.localdomain.com
testuser099,Te-St_099,099,testuser,test099@localhost.localdomain.com
testuser100,Te-St_100,100,testuser,test100@localhost.localdomain.com
testuser101,Te-St_101,101,testuser,test101@localhost.localdomain.com
testuser102,Te-St_102,102,testuser,test102@localhost.localdomain.com
testuser103,Te-St_103,103,testuser,test103@localhost.localdomain.com
testuser104,Te-St_104,104,testuser,test104@localhost.localdomain.com
testuser105,Te-St_105,105,testuser,test105@localhost.localdomain.com
testuser106,Te-St_106,106,testuser,test106@localhost.localdomain.com
testuser107,Te-St_107,107,testuser,test107@localhost.localdomain.com
testuser108,Te-St_108,108,testuser,test108@localhost.localdomain.com
testuser109,Te-St_109,109,testuser,test109@localhost.localdomain.com
testuser110,Te-St_110,110,testuser,test110@localhost.localdomain.com
testuser111,Te-St_111,111,testuser,test111@localhost.localdomain.com
testuser112,Te-St_112,112,testuser,test112@localhost.localdomain.com
testuser113,Te-St_113,113,testuser,test113@localhost.localdomain.com
testuser114,Te-St_114,114,testuser,test114@localhost.localdomain.com
testuser115,Te-St_115,115,testuser,test115@localhost.localdomain.com
testuser116,Te-St_116,116,testuser,test116@localhost.localdomain.com
testuser117,Te-St_117,117,testuser,test117@localhost.localdomain.com
testuser118,Te-St_118,118,testuser,test118@localhost.localdomain.com
testuser119,Te-St_119,119,testuser,test119@localhost.localdomain.com
testuser120,Te-St_120,120,testuser,test120@localhost.localdomain.com
testuser121,Te-St_121,121,testuser,test121@localhost.localdomain.com
testuser122,Te-St_122,122,testuser,test122@localhost.localdomain.com
testuser123,Te-St_123,123,testuser,test123@localhost.localdomain.com
testuser124,Te-St_124,124,testuser,test124@localhost.localdomain.com
testuser125,Te-St_125,125,testuser,test125@localhost.localdomain.com
testuser126,Te-St_126,126,testuser,test126@localhost.localdomain.com
testuser127,Te-St_127,127,testuser,test127@localhost.localdomain.com
testuser128,Te-St_128,128,testuser,test128@localhost.localdomain.com
testuser129,Te-St_129,129,testuser,test129@localhost.localdomain.com
testuser130,Te-St_130,130,testuser,test130@localhost.localdomain.com
testuser131,Te-St_131,131,testuser,test131@localhost.localdomain.com
testuser132,Te-St_132,132,testuser,test132@localhost.localdomain.com
testuser133,Te-St_133,133,testuser,test133@localhost.localdomain.com
testuser134,Te-St_134,134,testuser,test134@localhost.localdomain.com
testuser135,Te-St_135,135,testuser,test135@localhost.localdomain.com
testuser136,Te-St_136,136,testuser,test136@localhost.localdomain.com
testuser137,Te-St_137,137,testuser,test137@localhost.localdomain.com
testuser138,Te-St_138,138,testuser,test138@localhost.localdomain.com
testuser139,Te-St_139,139,testuser,test139@localhost.localdomain.com
testuser140,Te-St_140,140,testuser,test140@localhost.localdomain.com
testuser141,Te-St_141,141,testuser,test141@localhost.localdomain.com
testuser142,Te-St_142,142,testuser,test142@localhost.localdomain.com
testuser143,Te-St_143,143,testuser,test143@localhost.localdomain.com
testuser144,Te-St_144,144,testuser,test144@localhost.localdomain.com
testuser145,Te-St_145,145,testuser,test145@localhost.localdomain.com
testuser146,Te-St_146,146,testuser,test146@localhost.localdomain.com
testuser147,Te-St_147,147,testuser,test147@localhost.localdomain.com
testuser148,Te-St_148,148,testuser,test148@localhost.localdomain.com
testuser149,Te-St_149,149,testuser,test149@localhost.localdomain.com
testuser150,Te-St_150,150,testuser,test150@localhost.localdomain.com
testuser151,Te-St_151,151,testuser,test151@localhost.localdomain.com
testuser152,Te-St_152,152,testuser,test152@localhost.localdomain.com
testuser153,Te-St_153,153,testuser,test153@localhost.localdomain.com
testuser154,Te-St_154,154,testuser,test154@localhost.localdomain.com
testuser155,Te-St_155,155,testuser,test155@localhost.localdomain.com
testuser156,Te-St_156,156,testuser,test156@localhost.localdomain.com
testuser157,Te-St_157,157,testuser,test157@localhost.localdomain.com
testuser158,Te-St_158,158,testuser,test158@localhost.localdomain.com
testuser159,Te-St_159,159,testuser,test159@localhost.localdomain.com
testuser160,Te-St_160,160,testuser,test160@localhost.localdomain.com
testuser161,Te-St_161,161,testuser,test161@localhost.localdomain.com
testuser162,Te-St_162,162,testuser,test162@localhost.localdomain.com
testuser163,Te-St_163,163,testuser,test163@localhost.localdomain.com
testuser164,Te-St_164,164,testuser,test164@localhost.localdomain.com
testuser165,Te-St_165,165,testuser,test165@localhost.localdomain.com
testuser166,Te-St_166,166,testuser,test166@localhost.localdomain.com
testuser167,Te-St_167,167,testuser,test167@localhost.localdomain.com
testuser168,Te-St_168,168,testuser,test168@localhost.localdomain.com
testuser169,Te-St_169,169,testuser,test169@localhost.localdomain.com
testuser170,Te-St_170,170,testuser,test170@localhost.localdomain.com
testuser171,Te-St_171,171,testuser,test171@localhost.localdomain.com
testuser172,Te-St_172,172,testuser,test172@localhost.localdomain.com
testuser173,Te-St_173,173,testuser,test173@localhost.localdomain.com
testuser174,Te-St_174,174,testuser,test174@localhost.localdomain.com
testuser175,Te-St_175,175,testuser,test175@localhost.localdomain.com
testuser176,Te-St_176,176,testuser,test176@localhost.localdomain.com
testuser177,Te-St_177,177,testuser,test177@localhost.localdomain.com
testuser178,Te-St_178,178,testuser,test178@localhost.localdomain.com
testuser179,Te-St_179,179,testuser,test179@localhost.localdomain.com
testuser180,Te-St_180,180,testuser,test180@localhost.localdomain.com
testuser181,Te-St_181,181,testuser,test181@localhost.localdomain.com
testuser182,Te-St_182,182,testuser,test182@localhost.localdomain.com
testuser183,Te-St_183,183,testuser,test183@localhost.localdomain.com
testuser184,Te-St_184,184,testuser,test184@localhost.localdomain.com
testuser185,Te-St_185,185,testuser,test185@localhost.localdomain.com
testuser186,Te-St_186,186,testuser,test186@localhost.localdomain.com
testuser187,Te-St_187,187,testuser,test187@localhost.localdomain.com
testuser188,Te-St_188,188,testuser,test188@localhost.localdomain.com
testuser189,Te-St_189,189,testuser,test189@localhost.localdomain.com
testuser190,Te-St_190,190,testuser,test190@localhost.localdomain.com
testuser191,Te-St_191,191,testuser,test191@localhost.localdomain.com
testuser192,Te-St_192,192,testuser,test192@localhost.localdomain.com
testuser193,Te-St_193,193,testuser,test193@localhost.localdomain.com
testuser194,Te-St_194,194,testuser,test194@localhost.localdomain.com
testuser195,Te-St_195,195,testuser,test195@localhost.localdomain.com
testuser196,Te-St_196,196,testuser,test196@localhost.localdomain.com
testuser197,Te-St_197,197,testuser,test197@localhost.localdomain.com
testuser198,Te-St_198,198,testuser,test198@localhost.localdomain.com
testuser199,Te-St_199,199,testuser,test199@localhost.localdomain.com
testuser200,Te-St_200,200,testuser,test200@localhost.localdomain.com
testuser201,Te-St_201,201,testuser,test201@localhost.localdomain.com
testuser202,Te-St_202,202,testuser,test202@localhost.localdomain.com
testuser203,Te-St_203,203,testuser,test203@localhost.localdomain.com
testuser204,Te-St_204,204,testuser,test204@localhost.localdomain.com
testuser205,Te-St_205,205,testuser,test205@localhost.localdomain.com
testuser206,Te-St_206,206,testuser,test206@localhost.localdomain.com
testuser207,Te-St_207,207,testuser,test207@localhost.localdomain.com
testuser208,Te-St_208,208,testuser,test208@localhost.localdomain.com
testuser209,Te-St_209,209,testuser,test209@localhost.localdomain.com
testuser210,Te-St_210,210,testuser,test210@localhost.localdomain.com
testuser211,Te-St_211,211,testuser,test211@localhost.localdomain.com
testuser212,Te-St_212,212,testuser,test212@localhost.localdomain.com
testuser213,Te-St_213,213,testuser,test213@localhost.localdomain.com
testuser214,Te-St_214,214,testuser,test214@localhost.localdomain.com
testuser215,Te-St_215,215,testuser,test215@localhost.localdomain.com
testuser216,Te-St_216,216,testuser,test216@localhost.localdomain.com
testuser217,Te-St_217,217,testuser,test217@localhost.localdomain.com
testuser218,Te-St_218,218,testuser,test218@localhost.localdomain.com
testuser219,Te-St_219,219,testuser,test219@localhost.localdomain.com
testuser220,Te-St_220,220,testuser,test220@localhost.localdomain.com
testuser221,Te-St_221,221,testuser,test221@localhost.localdomain.com
testuser222,Te-St_222,222,testuser,test222@localhost.localdomain.com
testuser223,Te-St_223,223,testuser,test223@localhost.localdomain.com
testuser224,Te-St_224,224,testuser,test224@localhost.localdomain.com
testuser225,Te-St_225,225,testuser,test225@localhost.localdomain.com
testuser226,Te-St_226,226,testuser,test226@localhost.localdomain.com
testuser227,Te-St_227,227,testuser,test227@localhost.localdomain.com
testuser228,Te-St_228,228,testuser,test228@localhost.localdomain.com
testuser229,Te-St_229,229,testuser,test229@localhost.localdomain.com
testuser230,Te-St_230,230,testuser,test230@localhost.localdomain.com
testuser231,Te-St_231,231,testuser,test231@localhost.localdomain.com
testuser232,Te-St_232,232,testuser,test232@localhost.localdomain.com
testuser233,Te-St_233,233,testuser,test233@localhost.localdomain.com
testuser234,Te-St_234,234,testuser,test234@localhost.localdomain.com
testuser235,Te-St_235,235,testuser,test235@localhost.localdomain.com
testuser236,Te-St_236,236,testuser,test236@localhost.localdomain.com
testuser237,Te-St_237,237,testuser,test237@localhost.localdomain.com
testuser238,Te-St_238,238,testuser,test238@localhost.localdomain.com
testuser239,Te-St_239,239,testuser,test239@localhost.localdomain.com
testuser240,Te-St_240,240,testuser,test240@localhost.localdomain.com
testuser241,Te-St_241,241,testuser,test241@localhost.localdomain.com
testuser242,Te-St_242,242,testuser,test242@localhost.localdomain.com
testuser243,Te-St_243,243,testuser,test243@localhost.localdomain.com
testuser244,Te-St_244,244,testuser,test244@localhost.localdomain.com
testuser245,Te-St_245,245,testuser,test245@localhost.localdomain.com
testuser246,Te-St_246,246,testuser,test246@localhost.localdomain.com
testuser247,Te-St_247,247,testuser,test247@localhost.localdomain.com
testuser248,Te-St_248,248,testuser,test248@localhost.localdomain.com
testuser249,Te-St_249,249,testuser,test249@localhost.localdomain.com
testuser250,Te-St_250,250,testuser,test250@localhost.localdomain.com
testuser251,Te-St_251,251,testuser,test251@localhost.localdomain.com
testuser252,Te-St_252,252,testuser,test252@localhost.localdomain.com
testuser253,Te-St_253,253,testuser,test253@localhost.localdomain.com
testuser254,Te-St_254,254,testuser,test254@localhost.localdomain.com
testuser255,Te-St_255,255,testuser,test255@localhost.localdomain.com
testuser256,Te-St_256,256,testuser,test256@localhost.localdomain.com
testuser257,Te-St_257,257,testuser,test257@localhost.localdomain.com
testuser258,Te-St_258,258,testuser,test258@localhost.localdomain.com
testuser259,Te-St_259,259,testuser,test259@localhost.localdomain.com
testuser260,Te-St_260,260,testuser,test260@localhost.localdomain.com
testuser261,Te-St_261,261,testuser,test261@localhost.localdomain.com
testuser262,Te-St_262,262,testuser,test262@localhost.localdomain.com
testuser263,Te-St_263,263,testuser,test263@localhost.localdomain.com
testuser264,Te-St_264,264,testuser,test264@localhost.localdomain.com
testuser265,Te-St_265,265,testuser,test265@localhost.localdomain.com
testuser266,Te-St_266,266,testuser,test266@localhost.localdomain.com
testuser267,Te-St_267,267,testuser,test267@localhost.localdomain.com
testuser268,Te-St_268,268,testuser,test268@localhost.localdomain.com
testuser269,Te-St_269,269,testuser,test269@localhost.localdomain.com
testuser270,Te-St_270,270,testuser,test270@localhost.localdomain.com
testuser271,Te-St_271,271,testuser,test271@localhost.localdomain.com
testuser272,Te-St_272,272,testuser,test272@localhost.localdomain.com
testuser273,Te-St_273,273,testuser,test273@localhost.localdomain.com
testuser274,Te-St_274,274,testuser,test274@localhost.localdomain.com
testuser275,Te-St_275,275,testuser,test275@localhost.localdomain.com
testuser276,Te-St_276,276,testuser,test276@localhost.localdomain.com
testuser277,Te-St_277,277,testuser,test277@localhost.localdomain.com
testuser278,Te-St_278,278,testuser,test278@localhost.localdomain.com
testuser279,Te-St_279,279,testuser,test279@localhost.localdomain.com
testuser280,Te-St_280,280,testuser,test280@localhost.localdomain.com
testuser281,Te-St_281,281,testuser,test281@localhost.localdomain.com
testuser282,Te-St_282,282,testuser,test282@localhost.localdomain.com
testuser283,Te-St_283,283,testuser,test283@localhost.localdomain.com
testuser284,Te-St_284,284,testuser,test284@localhost.localdomain.com
testuser285,Te-St_285,285,testuser,test285@localhost.localdomain.com
testuser286,Te-St_286,286,testuser,test286@localhost.localdomain.com
testuser287,Te-St_287,287,testuser,test287@localhost.localdomain.com
testuser288,Te-St_288,288,testuser,test288@localhost.localdomain.com
testuser289,Te-St_289,289,testuser,test289@localhost.localdomain.com
testuser290,Te-St_290,290,testuser,test290@localhost.localdomain.com
testuser291,Te-St_291,291,testuser,test291@localhost.localdomain.com
testuser292,Te-St_292,292,testuser,test292@localhost.localdomain.com
testuser293,Te-St_293,293,testuser,test293@localhost.localdomain.com
testuser294,Te-St_294,294,testuser,test294@localhost.localdomain.com
testuser295,Te-St_295,295,testuser,test295@localhost.localdomain.com
testuser296,Te-St_296,296,testuser,test296@localhost.localdomain.com
testuser297,Te-St_297,297,testuser,test297@localhost.localdomain.com
testuser298,Te-St_298,298,testuser,test298@localhost.localdomain.com
testuser299,Te-St_299,299,testuser,test299@localhost.localdomain.com
testuser300,Te-St_300,300,testuser,test300@localhost.localdomain.com
testuser301,Te-St_301,301,testuser,test301@localhost.localdomain.com
testuser302,Te-St_302,302,testuser,test302@localhost.localdomain.com
testuser303,Te-St_303,303,testuser,test303@localhost.localdomain.com
testuser304,Te-St_304,304,testuser,test304@localhost.localdomain.com
testuser305,Te-St_305,305,testuser,test305@localhost.localdomain.com
testuser306,Te-St_306,306,testuser,test306@localhost.localdomain.com
testuser307,Te-St_307,307,testuser,test307@localhost.localdomain.com
testuser308,Te-St_308,308,testuser,test308@localhost.localdomain.com
testuser309,Te-St_309,309,testuser,test309@localhost.localdomain.com
testuser310,Te-St_310,310,testuser,test310@localhost.localdomain.com
testuser311,Te-St_311,311,testuser,test311@localhost.localdomain.com
testuser312,Te-St_312,312,testuser,test312@localhost.localdomain.com
testuser313,Te-St_313,313,testuser,test313@localhost.localdomain.com
testuser314,Te-St_314,314,testuser,test314@localhost.localdomain.com
testuser315,Te-St_315,315,testuser,test315@localhost.localdomain.com
testuser316,Te-St_316,316,testuser,test316@localhost.localdomain.com
testuser317,Te-St_317,317,testuser,test317@localhost.localdomain.com
testuser318,Te-St_318,318,testuser,test318@localhost.localdomain.com
testuser319,Te-St_319,319,testuser,test319@localhost.localdomain.com
testuser320,Te-St_320,320,testuser,test320@localhost.localdomain.com
testuser321,Te-St_321,321,testuser,test321@localhost.localdomain.com
testuser322,Te-St_322,322,testuser,test322@localhost.localdomain.com
testuser323,Te-St_323,323,testuser,test323@localhost.localdomain.com
testuser324,Te-St_324,324,testuser,test324@localhost.localdomain.com
testuser325,Te-St_325,325,testuser,test325@localhost.localdomain.com
testuser326,Te-St_326,326,testuser,test326@localhost.localdomain.com
testuser327,Te-St_327,327,testuser,test327@localhost.localdomain.com
testuser328,Te-St_328,328,testuser,test328@localhost.localdomain.com
testuser329,Te-St_329,329,testuser,test329@localhost.localdomain.com
testuser330,Te-St_330,330,testuser,test330@localhost.localdomain.com
testuser331,Te-St_331,331,testuser,test331@localhost.localdomain.com
testuser332,Te-St_332,332,testuser,test332@localhost.localdomain.com
testuser333,Te-St_333,333,testuser,test333@localhost.localdomain.com
testuser334,Te-St_334,334,testuser,test334@localhost.localdomain.com
testuser335,Te-St_335,335,testuser,test335@localhost.localdomain.com
testuser336,Te-St_336,336,testuser,test336@localhost.localdomain.com
testuser337,Te-St_337,337,testuser,test337@localhost.localdomain.com
testuser338,Te-St_338,338,testuser,test338@localhost.localdomain.com
testuser339,Te-St_339,339,testuser,test339@localhost.localdomain.com
testuser340,Te-St_340,340,testuser,test340@localhost.localdomain.com
testuser341,Te-St_341,341,testuser,test341@localhost.localdomain.com
testuser342,Te-St_342,342,testuser,test342@localhost.localdomain.com
testuser343,Te-St_343,343,testuser,test343@localhost.localdomain.com
testuser344,Te-St_344,344,testuser,test344@localhost.localdomain.com
testuser345,Te-St_345,345,testuser,test345@localhost.localdomain.com
testuser346,Te-St_346,346,testuser,test346@localhost.localdomain.com
testuser347,Te-St_347,347,testuser,test347@localhost.localdomain.com
testuser348,Te-St_348,348,testuser,test348@localhost.localdomain.com
testuser349,Te-St_349,349,testuser,test349@localhost.localdomain.com
testuser350,Te-St_350,350,testuser,test350@localhost.localdomain.com
testuser351,Te-St_351,351,testuser,test351@localhost.localdomain.com
testuser352,Te-St_352,352,testuser,test352@localhost.localdomain.com
testuser353,Te-St_353,353,testuser,test353@localhost.localdomain.com
testuser354,Te-St_354,354,testuser,test354@localhost.localdomain.com
testuser355,Te-St_355,355,testuser,test355@localhost.localdomain.com
testuser356,Te-St_356,356,testuser,test356@localhost.localdomain.com
testuser357,Te-St_357,357,testuser,test357@localhost.localdomain.com
testuser358,Te-St_358,358,testuser,test358@localhost.localdomain.com
testuser359,Te-St_359,359,testuser,test359@localhost.localdomain.com
testuser360,Te-St_360,360,testuser,test360@localhost.localdomain.com
testuser361,Te-St_361,361,testuser,test361@localhost.localdomain.com
testuser362,Te-St_362,362,testuser,test362@localhost.localdomain.com
testuser363,Te-St_363,363,testuser,test363@localhost.localdomain.com
testuser364,Te-St_364,364,testuser,test364@localhost.localdomain.com
testuser365,Te-St_365,365,testuser,test365@localhost.localdomain.com
testuser366,Te-St_366,366,testuser,test366@localhost.localdomain.com
testuser367,Te-St_367,367,testuser,test367@localhost.localdomain.com
testuser368,Te-St_368,368,testuser,test368@localhost.localdomain.com
testuser369,Te-St_369,369,testuser,test369@localhost.localdomain.com
testuser370,Te-St_370,370,testuser,test370@localhost.localdomain.com
testuser371,Te-St_371,371,testuser,test371@localhost.localdomain.com
testuser372,Te-St_372,372,testuser,test372@localhost.localdomain.com
testuser373,Te-St_373,373,testuser,test373@localhost.localdomain.com
testuser374,Te-St_374,374,testuser,test374@localhost.localdomain.com
testuser375,Te-St_375,375,testuser,test375@localhost.localdomain.com
testuser376,Te-St_376,376,testuser,test376@localhost.localdomain.com
testuser377,Te-St_377,377,testuser,test377@localhost.localdomain.com
testuser378,Te-St_378,378,testuser,test378@localhost.localdomain.com
testuser379,Te-St_379,379,testuser,test379@localhost.localdomain.com
testuser380,Te-St_380,380,testuser,test380@localhost.localdomain.com
testuser381,Te-St_381,381,testuser,test381@localhost.localdomain.com
testuser382,Te-St_382,382,testuser,test382@localhost.localdomain.com
testuser383,Te-St_383,383,testuser,test383@localhost.localdomain.com
testuser384,Te-St_384,384,testuser,test384@localhost.localdomain.com
testuser385,Te-St_385,385,testuser,test385@localhost.localdomain.com
testuser386,Te-St_386,386,testuser,test386@localhost.localdomain.com
testuser387,Te-St_387,387,testuser,test387@localhost.localdomain.com
testuser388,Te-St_388,388,testuser,test388@localhost.localdomain.com
testuser389,Te-St_389,389,testuser,test389@localhost.localdomain.com
testuser390,Te-St_390,390,testuser,test390@localhost.localdomain.com
testuser391,Te-St_391,391,testuser,test391@localhost.localdomain.com
testuser392,Te-St_392,392,testuser,test392@localhost.localdomain.com
testuser393,Te-St_393,393,testuser,test393@localhost.localdomain.com
testuser394,Te-St_394,394,testuser,test394@localhost.localdomain.com
testuser395,Te-St_395,395,testuser,test395@localhost.localdomain.com
testuser396,Te-St_396,396,testuser,test396@localhost.localdomain.com
testuser397,Te-St_397,397,testuser,test397@localhost.localdomain.com
testuser398,Te-St_398,398,testuser,test398@localhost.localdomain.com
testuser399,Te-St_399,399,testuser,test399@localhost.localdomain.com
testuser400,Te-St_400,400,testuser,test400@localhost.localdomain.com
testuser401,Te-St_401,401,testuser,test401@localhost.localdomain.com
testuser402,Te-St_402,402,testuser,test402@localhost.localdomain.com
testuser403,Te-St_403,403,testuser,test403@localhost.localdomain.com
testuser404,Te-St_404,404,testuser,test404@localhost.localdomain.com
testuser405,Te-St_405,405,testuser,test405@localhost.localdomain.com
testuser406,Te-St_406,406,testuser,test406@localhost.localdomain.com
testuser407,Te-St_407,407,testuser,test407@localhost.localdomain.com
testuser408,Te-St_408,408,testuser,test408@localhost.localdomain.com
testuser409,Te-St_409,409,testuser,test409@localhost.localdomain.com
testuser410,Te-St_410,410,testuser,test410@localhost.localdomain.com
testuser411,Te-St_411,411,testuser,test411@localhost.localdomain.com
testuser412,Te-St_412,412,testuser,test412@localhost.localdomain.com
testuser413,Te-St_413,413,testuser,test413@localhost.localdomain.com
testuser414,Te-St_414,414,testuser,test414@localhost.localdomain.com
testuser415,Te-St_415,415,testuser,test415@localhost.localdomain.com
testuser416,Te-St_416,416,testuser,test416@localhost.localdomain.com
testuser417,Te-St_417,417,testuser,test417@localhost.localdomain.com
testuser418,Te-St_418,418,testuser,test418@localhost.localdomain.com
testuser419,Te-St_419,419,testuser,test419@localhost.localdomain.com
testuser420,Te-St_420,420,testuser,test420@localhost.localdomain.com
testuser421,Te-St_421,421,testuser,test421@localhost.localdomain.com
testuser422,Te-St_422,422,testuser,test422@localhost.localdomain.com
testuser423,Te-St_423,423,testuser,test423@localhost.localdomain.com
testuser424,Te-St_424,424,testuser,test424@localhost.localdomain.com
testuser425,Te-St_425,425,testuser,test425@localhost.localdomain.com
testuser426,Te-St_426,426,testuser,test426@localhost.localdomain.com
testuser427,Te-St_427,427,testuser,test427@localhost.localdomain.com
testuser428,Te-St_428,428,testuser,test428@localhost.localdomain.com
testuser429,Te-St_429,429,testuser,test429@localhost.localdomain.com
testuser430,Te-St_430,430,testuser,test430@localhost.localdomain.com
testuser431,Te-St_431,431,testuser,test431@localhost.localdomain.com
testuser432,Te-St_432,432,testuser,test432@localhost.localdomain.com
testuser433,Te-St_433,433,testuser,test433@localhost.localdomain.com
testuser434,Te-St_434,434,testuser,test434@localhost.localdomain.com
testuser435,Te-St_435,435,testuser,test435@localhost.localdomain.com
testuser436,Te-St_436,436,testuser,test436@localhost.localdomain.com
testuser437,Te-St_437,437,testuser,test437@localhost.localdomain.com
testuser438,Te-St_438,438,testuser,test438@localhost.localdomain.com
testuser439,Te-St_439,439,testuser,test439@localhost.localdomain.com
testuser440,Te-St_440,440,testuser,test440@localhost.localdomain.com
testuser441,Te-St_441,441,testuser,test441@localhost.localdomain.com
testuser442,Te-St_442,442,testuser,test442@localhost.localdomain.com
testuser443,Te-St_443,443,testuser,test443@localhost.localdomain.com
testuser444,Te-St_444,444,testuser,test444@localhost.localdomain.com
testuser445,Te-St_445,445,testuser,test445@localhost.localdomain.com
testuser446,Te-St_446,446,testuser,test446@localhost.localdomain.com
testuser447,Te-St_447,447,testuser,test447@localhost.localdomain.com
testuser448,Te-St_448,448,testuser,test448@localhost.localdomain.com
testuser449,Te-St_449,449,testuser,test449@localhost.localdomain.com
testuser450,Te-St_450,450,testuser,test450@localhost.localdomain.com
testuser451,Te-St_451,451,testuser,test451@localhost.localdomain.com
testuser452,Te-St_452,452,testuser,test452@localhost.localdomain.com
testuser453,Te-St_453,453,testuser,test453@localhost.localdomain.com
testuser454,Te-St_454,454,testuser,test454@localhost.localdomain.com
testuser455,Te-St_455,455,testuser,test455@localhost.localdomain.com
testuser456,Te-St_456,456,testuser,test456@localhost.localdomain.com
testuser457,Te-St_457,457,testuser,test457@localhost.localdomain.com
testuser458,Te-St_458,458,testuser,test458@localhost.localdomain.com
testuser459,Te-St_459,459,testuser,test459@localhost.localdomain.com
testuser460,Te-St_460,460,testuser,test460@localhost.localdomain.com
testuser461,Te-St_461,461,testuser,test461@localhost.localdomain.com
testuser462,Te-St_462,462,testuser,test462@localhost.localdomain.com
testuser463,Te-St_463,463,testuser,test463@localhost.localdomain.com
testuser464,Te-St_464,464,testuser,test464@localhost.localdomain.com
testuser465,Te-St_465,465,testuser,test465@localhost.localdomain.com
testuser466,Te-St_466,466,testuser,test466@localhost.localdomain.com
testuser467,Te-St_467,467,testuser,test467@localhost.localdomain.com
testuser468,Te-St_468,468,testuser,test468@localhost.localdomain.com
testuser469,Te-St_469,469,testuser,test469@localhost.localdomain.com
testuser470,Te-St_470,470,testuser,test470@localhost.localdomain.com
testuser471,Te-St_471,471,testuser,test471@localhost.localdomain.com
testuser472,Te-St_472,472,testuser,test472@localhost.localdomain.com
testuser473,Te-St_473,473,testuser,test473@localhost.localdomain.com
testuser474,Te-St_474,474,testuser,test474@localhost.localdomain.com
testuser475,Te-St_475,475,testuser,test475@localhost.localdomain.com
testuser476,Te-St_476,476,testuser,test476@localhost.localdomain.com
testuser477,Te-St_477,477,testuser,test477@localhost.localdomain.com
testuser478,Te-St_478,478,testuser,test478@localhost.localdomain.com
testuser479,Te-St_479,479,testuser,test479@localhost.localdomain.com
testuser480,Te-St_480,480,testuser,test480@localhost.localdomain.com
testuser481,Te-St_481,481,testuser,test481@localhost.localdomain.com
testuser482,Te-St_482,482,testuser,test482@localhost.localdomain.com
testuser483,Te-St_483,483,testuser,test483@localhost.localdomain.com
testuser484,Te-St_484,484,testuser,test484@localhost.localdomain.com
testuser485,Te-St_485,485,testuser,test485@localhost.localdomain.com
testuser486,Te-St_486,486,testuser,test486@localhost.localdomain.com
testuser487,Te-St_487,487,testuser,test487@localhost.localdomain.com
testuser488,Te-St_488,488,testuser,test488@localhost.localdomain.com
testuser489,Te-St_489,489,testuser,test489@localhost.localdomain.com
testuser490,Te-St_490,490,testuser,test490@localhost.localdomain.com
testuser491,Te-St_491,491,testuser,test491@localhost.localdomain.com
testuser492,Te-St_492,492,testuser,test492@localhost.localdomain.com
testuser493,Te-St_493,493,testuser,test493@localhost.localdomain.com
testuser494,Te-St_494,494,testuser,test494@localhost.localdomain.com
testuser495,Te-St_495,495,testuser,test495@localhost.localdomain.com
testuser496,Te-St_496,496,testuser,test496@localhost.localdomain.com
testuser497,Te-St_497,497,testuser,test497@localhost.localdomain.com
testuser498,Te-St_498,498,testuser,test498@localhost.localdomain.com
testuser499,Te-St_499,499,testuser,test499@localhost.localdomain.com
testuser500,Te-St_500,500,testuser,test500@localhost.localdomain.com
testuser501,Te-St_501,501,testuser,test501@localhost.localdomain.com
testuser502,Te-St_502,502,testuser,test502@localhost.localdomain.com
testuser503,Te-St_503,503,testuser,test503@localhost.localdomain.com
testuser504,Te-St_504,504,testuser,test504@localhost.localdomain.com
testuser505,Te-St_505,505,testuser,test505@localhost.localdomain.com
testuser506,Te-St_506,506,testuser,test506@localhost.localdomain.com
testuser507,Te-St_507,507,testuser,test507@localhost.localdomain.com
testuser508,Te-St_508,508,testuser,test508@localhost.localdomain.com
testuser509,Te-St_509,509,testuser,test509@localhost.localdomain.com
testuser510,Te-St_510,510,testuser,test510@localhost.localdomain.com
testuser511,Te-St_511,511,testuser,test511@localhost.localdomain.com
testuser512,Te-St_512,512,testuser,test512@localhost.localdomain.com
testuser513,Te-St_513,513,testuser,test513@localhost.localdomain.com
testuser514,Te-St_514,514,testuser,test514@localhost.localdomain.com
testuser515,Te-St_515,515,testuser,test515@localhost.localdomain.com
testuser516,Te-St_516,516,testuser,test516@localhost.localdomain.com
testuser517,Te-St_517,517,testuser,test517@localhost.localdomain.com
testuser518,Te-St_518,518,testuser,test518@localhost.localdomain.com
testuser519,Te-St_519,519,testuser,test519@localhost.localdomain.com
testuser520,Te-St_520,520,testuser,test520@localhost.localdomain.com
testuser521,Te-St_521,521,testuser,test521@localhost.localdomain.com
testuser522,Te-St_522,522,testuser,test522@localhost.localdomain.com
testuser523,Te-St_523,523,testuser,test523@localhost.localdomain.com
testuser524,Te-St_524,524,testuser,test524@localhost.localdomain.com
testuser525,Te-St_525,525,testuser,test525@localhost.localdomain.com
testuser526,Te-St_526,526,testuser,test526@localhost.localdomain.com
testuser527,Te-St_527,527,testuser,test527@localhost.localdomain.com
testuser528,Te-St_528,528,testuser,test528@localhost.localdomain.com
testuser529,Te-St_529,529,testuser,test529@localhost.localdomain.com
testuser530,Te-St_530,530,testuser,test530@localhost.localdomain.com
testuser531,Te-St_531,531,testuser,test531@localhost.localdomain.com
testuser532,Te-St_532,532,testuser,test532@localhost.localdomain.com
testuser533,Te-St_533,533,testuser,test533@localhost.localdomain.com
testuser534,Te-St_534,534,testuser,test534@localhost.localdomain.com
testuser535,Te-St_535,535,testuser,test535@localhost.localdomain.com
testuser536,Te-St_536,536,testuser,test536@localhost.localdomain.com
testuser537,Te-St_537,537,testuser,test537@localhost.localdomain.com
testuser538,Te-St_538,538,testuser,test538@localhost.localdomain.com
testuser539,Te-St_539,539,testuser,test539@localhost.localdomain.com
testuser540,Te-St_540,540,testuser,test540@localhost.localdomain.com
testuser541,Te-St_541,541,testuser,test541@localhost.localdomain.com
testuser542,Te-St_542,542,testuser,test542@localhost.localdomain.com
testuser543,Te-St_543,543,testuser,test543@localhost.localdomain.com
testuser544,Te-St_544,544,testuser,test544@localhost.localdomain.com
testuser545,Te-St_545,545,testuser,test545@localhost.localdomain.com
testuser546,Te-St_546,546,testuser,test546@localhost.localdomain.com
testuser547,Te-St_547,547,testuser,test547@localhost.localdomain.com
testuser548,Te-St_548,548,testuser,test548@localhost.localdomain.com
testuser549,Te-St_549,549,testuser,test549@localhost.localdomain.com
testuser550,Te-St_550,550,testuser,test550@localhost.localdomain.com
testuser551,Te-St_551,551,testuser,test551@localhost.localdomain.com
testuser552,Te-St_552,552,testuser,test552@localhost.localdomain.com
testuser553,Te-St_553,553,testuser,test553@localhost.localdomain.com
testuser554,Te-St_554,554,testuser,test554@localhost.localdomain.com
testuser555,Te-St_555,555,testuser,test555@localhost.localdomain.com
testuser556,Te-St_556,556,testuser,test556@localhost.localdomain.com
testuser557,Te-St_557,557,testuser,test557@localhost.localdomain.com
testuser558,Te-St_558,558,testuser,test558@localhost.localdomain.com
testuser559,Te-St_559,559,testuser,test559@localhost.localdomain.com
testuser560,Te-St_560,560,testuser,test560@localhost.localdomain.com
testuser561,Te-St_561,561,testuser,test561@localhost.localdomain.com
testuser562,Te-St_562,562,testuser,test562@localhost.localdomain.com
testuser563,Te-St_563,563,testuser,test563@localhost.localdomain.com
testuser564,Te-St_564,564,testuser,test564@localhost.localdomain.com
testuser565,Te-St_565,565,testuser,test565@localhost.localdomain.com
testuser566,Te-St_566,566,testuser,test566@localhost.localdomain.com
testuser567,Te-St_567,567,testuser,test567@localhost.localdomain.com
testuser568,Te-St_568,568,testuser,test568@localhost.localdomain.com
testuser569,Te-St_569,569,testuser,test569@localhost.localdomain.com
testuser570,Te-St_570,570,testuser,test570@localhost.localdomain.com
testuser571,Te-St_571,571,testuser,test571@localhost.localdomain.com
testuser572,Te-St_572,572,testuser,test572@localhost.localdomain.com
testuser573,Te-St_573,573,testuser,test573@localhost.localdomain.com
testuser574,Te-St_574,574,testuser,test574@localhost.localdomain.com
testuser575,Te-St_575,575,testuser,test575@localhost.localdomain.com
testuser576,Te-St_576,576,testuser,test576@localhost.localdomain.com
testuser577,Te-St_577,577,testuser,test577@localhost.localdomain.com
testuser578,Te-St_578,578,testuser,test578@localhost.localdomain.com
testuser579,Te-St_579,579,testuser,test579@localhost.localdomain.com
testuser580,Te-St_580,580,testuser,test580@localhost.localdomain.com
testuser581,Te-St_581,581,testuser,test581@localhost.localdomain.com
testuser582,Te-St_582,582,testuser,test582@localhost.localdomain.com
testuser583,Te-St_583,583,testuser,test583@localhost.localdomain.com
testuser584,Te-St_584,584,testuser,test584@localhost.localdomain.com
testuser585,Te-St_585,585,testuser,test585@localhost.localdomain.com
testuser586,Te-St_586,586,testuser,test586@localhost.localdomain.com
testuser587,Te-St_587,587,testuser,test587@localhost.localdomain.com
testuser588,Te-St_588,588,testuser,test588@localhost.localdomain.com
testuser589,Te-St_589,589,testuser,test589@localhost.localdomain.com
testuser590,Te-St_590,590,testuser,test590@localhost.localdomain.com
testuser591,Te-St_591,591,testuser,test591@localhost.localdomain.com
testuser592,Te-St_592,592,testuser,test592@localhost.localdomain.com
testuser593,Te-St_593,593,testuser,test593@localhost.localdomain.com
testuser594,Te-St_594,594,testuser,test594@localhost.localdomain.com
testuser595,Te-St_595,595,testuser,test595@localhost.localdomain.com
testuser596,Te-St_596,596,testuser,test596@localhost.localdomain.com
testuser597,Te-St_597,597,testuser,test597@localhost.localdomain.com
testuser598,Te-St_598,598,testuser,test598@localhost.localdomain.com
testuser599,Te-St_599,599,testuser,test599@localhost.localdomain.com
testuser600,Te-St_600,600,testuser,test600@localhost.localdomain.com
testuser601,Te-St_601,601,testuser,test601@localhost.localdomain.com
testuser602,Te-St_602,602,testuser,test602@localhost.localdomain.com
testuser603,Te-St_603,603,testuser,test603@localhost.localdomain.com
testuser604,Te-St_604,604,testuser,test604@localhost.localdomain.com
testuser605,Te-St_605,605,testuser,test605@localhost.localdomain.com
testuser606,Te-St_606,606,testuser,test606@localhost.localdomain.com
testuser607,Te-St_607,607,testuser,test607@localhost.localdomain.com
testuser608,Te-St_608,608,testuser,test608@localhost.localdomain.com
testuser609,Te-St_609,609,testuser,test609@localhost.localdomain.com
testuser610,Te-St_610,610,testuser,test610@localhost.localdomain.com
testuser611,Te-St_611,611,testuser,test611@localhost.localdomain.com
testuser612,Te-St_612,612,testuser,test612@localhost.localdomain.com
testuser613,Te-St_613,613,testuser,test613@localhost.localdomain.com
testuser614,Te-St_614,614,testuser,test614@localhost.localdomain.com
testuser615,Te-St_615,615,testuser,test615@localhost.localdomain.com
testuser616,Te-St_616,616,testuser,test616@localhost.localdomain.com
testuser617,Te-St_617,617,testuser,test617@localhost.localdomain.com
testuser618,Te-St_618,618,testuser,test618@localhost.localdomain.com
testuser619,Te-St_619,619,testuser,test619@localhost.localdomain.com
testuser620,Te-St_620,620,testuser,test620@localhost.localdomain.com
testuser621,Te-St_621,621,testuser,test621@localhost.localdomain.com
testuser622,Te-St_622,622,testuser,test622@localhost.localdomain.com
testuser623,Te-St_623,623,testuser,test623@localhost.localdomain.com
testuser624,Te-St_624,624,testuser,test624@localhost.localdomain.com
testuser625,Te-St_625,625,testuser,test625@localhost.localdomain.com
testuser626,Te-St_626,626,testuser,test626@localhost.localdomain.com
testuser627,Te-St_627,627,testuser,test627@localhost.localdomain.com
testuser628,Te-St_628,628,testuser,test628@localhost.localdomain.com
testuser629,Te-St_629,629,testuser,test629@localhost.localdomain.com
testuser630,Te-St_630,630,testuser,test630@localhost.localdomain.com
testuser631,Te-St_631,631,testuser,test631@localhost.localdomain.com
testuser632,Te-St_632,632,testuser,test632@localhost.localdomain.com
testuser633,Te-St_633,633,testuser,test633@localhost.localdomain.com
testuser634,Te-St_634,634,testuser,test634@localhost.localdomain.com
testuser635,Te-St_635,635,testuser,test635@localhost.localdomain.com
testuser636,Te-St_636,636,testuser,test636@localhost.localdomain.com
testuser637,Te-St_637,637,testuser,test637@localhost.localdomain.com
testuser638,Te-St_638,638,testuser,test638@localhost.localdomain.com
testuser639,Te-St_639,639,testuser,test639@localhost.localdomain.com
testuser640,Te-St_640,640,testuser,test640@localhost.localdomain.com
testuser641,Te-St_641,641,testuser,test641@localhost.localdomain.com
testuser642,Te-St_642,642,testuser,test642@localhost.localdomain.com
testuser643,Te-St_643,643,testuser,test643@localhost.localdomain.com
testuser644,Te-St_644,644,testuser,test644@localhost.localdomain.com
testuser645,Te-St_645,645,testuser,test645@localhost.localdomain.com
testuser646,Te-St_646,646,testuser,test646@localhost.localdomain.com
testuser647,Te-St_647,647,testuser,test647@localhost.localdomain.com
testuser648,Te-St_648,648,testuser,test648@localhost.localdomain.com
testuser649,Te-St_649,649,testuser,test649@localhost.localdomain.com
testuser650,Te-St_650,650,testuser,test650@localhost.localdomain.com
testuser651,Te-St_651,651,testuser,test651@localhost.localdomain.com
testuser652,Te-St_652,652,testuser,test652@localhost.localdomain.com
testuser653,Te-St_653,653,testuser,test653@localhost.localdomain.com
testuser654,Te-St_654,654,testuser,test654@localhost.localdomain.com
testuser655,Te-St_655,655,testuser,test655@localhost.localdomain.com
testuser656,Te-St_656,656,testuser,test656@localhost.localdomain.com
testuser657,Te-St_657,657,testuser,test657@localhost.localdomain.com
testuser658,Te-St_658,658,testuser,test658@localhost.localdomain.com
testuser659,Te-St_659,659,testuser,test659@localhost.localdomain.com
testuser660,Te-St_660,660,testuser,test660@localhost.localdomain.com
testuser661,Te-St_661,661,testuser,test661@localhost.localdomain.com
testuser662,Te-St_662,662,testuser,test662@localhost.localdomain.com
testuser663,Te-St_663,663,testuser,test663@localhost.localdomain.com
testuser664,Te-St_664,664,testuser,test664@localhost.localdomain.com
testuser665,Te-St_665,665,testuser,test665@localhost.localdomain.com
testuser666,Te-St_666,666,testuser,test666@localhost.localdomain.com
testuser667,Te-St_667,667,testuser,test667@localhost.localdomain.com
testuser668,Te-St_668,668,testuser,test668@localhost.localdomain.com
testuser669,Te-St_669,669,testuser,test669@localhost.localdomain.com
testuser670,Te-St_670,670,testuser,test670@localhost.localdomain.com
testuser671,Te-St_671,671,testuser,test671@localhost.localdomain.com
testuser672,Te-St_672,672,testuser,test672@localhost.localdomain.com
testuser673,Te-St_673,673,testuser,test673@localhost.localdomain.com
testuser674,Te-St_674,674,testuser,test674@localhost.localdomain.com
testuser675,Te-St_675,675,testuser,test675@localhost.localdomain.com
testuser676,Te-St_676,676,testuser,test676@localhost.localdomain.com
testuser677,Te-St_677,677,testuser,test677@localhost.localdomain.com
testuser678,Te-St_678,678,testuser,test678@localhost.localdomain.com
testuser679,Te-St_679,679,testuser,test679@localhost.localdomain.com
testuser680,Te-St_680,680,testuser,test680@localhost.localdomain.com
testuser681,Te-St_681,681,testuser,test681@localhost.localdomain.com
testuser682,Te-St_682,682,testuser,test682@localhost.localdomain.com
testuser683,Te-St_683,683,testuser,test683@localhost.localdomain.com
testuser684,Te-St_684,684,testuser,test684@localhost.localdomain.com
testuser685,Te-St_685,685,testuser,test685@localhost.localdomain.com
testuser686,Te-St_686,686,testuser,test686@localhost.localdomain.com
testuser687,Te-St_687,687,testuser,test687@localhost.localdomain.com
testuser688,Te-St_688,688,testuser,test688@localhost.localdomain.com
testuser689,Te-St_689,689,testuser,test689@localhost.localdomain.com
testuser690,Te-St_690,690,testuser,test690@localhost.localdomain.com
testuser691,Te-St_691,691,testuser,test691@localhost.localdomain.com
testuser692,Te-St_692,692,testuser,test692@localhost.localdomain.com
testuser693,Te-St_693,693,testuser,test693@localhost.localdomain.com
testuser694,Te-St_694,694,testuser,test694@localhost.localdomain.com
testuser695,Te-St_695,695,testuser,test695@localhost.localdomain.com
testuser696,Te-St_696,696,testuser,test696@localhost.localdomain.com
testuser697,Te-St_697,697,testuser,test697@localhost.localdomain.com
testuser698,Te-St_698,698,testuser,test698@localhost.localdomain.com
testuser699,Te-St_699,699,testuser,test699@localhost.localdomain.com
testuser700,Te-St_700,700,testuser,test700@localhost.localdomain.com
testuser701,Te-St_701,701,testuser,test701@localhost.localdomain.com
testuser702,Te-St_702,702,testuser,test702@localhost.localdomain.com
testuser703,Te-St_703,703,testuser,test703@localhost.localdomain.com
testuser704,Te-St_704,704,testuser,test704@localhost.localdomain.com
testuser705,Te-St_705,705,testuser,test705@localhost.localdomain.com
testuser706,Te-St_706,706,testuser,test706@localhost.localdomain.com
testuser707,Te-St_707,707,testuser,test707@localhost.localdomain.com
testuser708,Te-St_708,708,testuser,test708@localhost.localdomain.com
testuser709,Te-St_709,709,testuser,test709@localhost.localdomain.com
testuser710,Te-St_710,710,testuser,test710@localhost.localdomain.com
testuser711,Te-St_711,711,testuser,test711@localhost.localdomain.com
testuser712,Te-St_712,712,testuser,test712@localhost.localdomain.com
testuser713,Te-St_713,713,testuser,test713@localhost.localdomain.com
testuser714,Te-St_714,714,testuser,test714@localhost.localdomain.com
testuser715,Te-St_715,715,testuser,test715@localhost.localdomain.com
testuser716,Te-St_716,716,testuser,test716@localhost.localdomain.com
testuser717,Te-St_717,717,testuser,test717@localhost.localdomain.com
testuser718,Te-St_718,718,testuser,test718@localhost.localdomain.com
testuser719,Te-St_719,719,testuser,test719@localhost.localdomain.com
testuser720,Te-St_720,720,testuser,test720@localhost.localdomain.com
testuser721,Te-St_721,721,testuser,test721@localhost.localdomain.com
testuser722,Te-St_722,722,testuser,test722@localhost.localdomain.com
testuser723,Te-St_723,723,testuser,test723@localhost.localdomain.com
testuser724,Te-St_724,724,testuser,test724@localhost.localdomain.com
testuser725,Te-St_725,725,testuser,test725@localhost.localdomain.com
testuser726,Te-St_726,726,testuser,test726@localhost.localdomain.com
testuser727,Te-St_727,727,testuser,test727@localhost.localdomain.com
testuser728,Te-St_728,728,testuser,test728@localhost.localdomain.com
testuser729,Te-St_729,729,testuser,test729@localhost.localdomain.com
testuser730,Te-St_730,730,testuser,test730@localhost.localdomain.com
testuser731,Te-St_731,731,testuser,test731@localhost.localdomain.com
testuser732,Te-St_732,732,testuser,test732@localhost.localdomain.com
testuser733,Te-St_733,733,testuser,test733@localhost.localdomain.com
testuser734,Te-St_734,734,testuser,test734@localhost.localdomain.com
testuser735,Te-St_735,735,testuser,test735@localhost.localdomain.com
testuser736,Te-St_736,736,testuser,test736@localhost.localdomain.com
testuser737,Te-St_737,737,testuser,test737@localhost.localdomain.com
testuser738,Te-St_738,738,testuser,test738@localhost.localdomain.com
testuser739,Te-St_739,739,testuser,test739@localhost.localdomain.com
testuser740,Te-St_740,740,testuser,test740@localhost.localdomain.com
testuser741,Te-St_741,741,testuser,test741@localhost.localdomain.com
testuser742,Te-St_742,742,testuser,test742@localhost.localdomain.com
testuser743,Te-St_743,743,testuser,test743@localhost.localdomain.com
testuser744,Te-St_744,744,testuser,test744@localhost.localdomain.com
testuser745,Te-St_745,745,testuser,test745@localhost.localdomain.com
testuser746,Te-St_746,746,testuser,test746@localhost.localdomain.com
testuser747,Te-St_747,747,testuser,test747@localhost.localdomain.com
testuser748,Te-St_748,748,testuser,test748@localhost.localdomain.com
testuser749,Te-St_749,749,testuser,test749@localhost.localdomain.com
testuser750,Te-St_750,750,testuser,test750@localhost.localdomain.com
testuser751,Te-St_751,751,testuser,test751@localhost.localdomain.com
testuser752,Te-St_752,752,testuser,test752@localhost.localdomain.com
testuser753,Te-St_753,753,testuser,test753@localhost.localdomain.com
testuser754,Te-St_754,754,testuser,test754@localhost.localdomain.com
testuser755,Te-St_755,755,testuser,test755@localhost.localdomain.com
testuser756,Te-St_756,756,testuser,test756@localhost.localdomain.com
testuser757,Te-St_757,757,testuser,test757@localhost.localdomain.com
testuser758,Te-St_758,758,testuser,test758@localhost.localdomain.com
testuser759,Te-St_759,759,testuser,test759@localhost.localdomain.com
testuser760,Te-St_760,760,testuser,test760@localhost.localdomain.com
testuser761,Te-St_761,761,testuser,test761@localhost.localdomain.com
testuser762,Te-St_762,762,testuser,test762@localhost.localdomain.com
testuser763,Te-St_763,763,testuser,test763@localhost.localdomain.com
testuser764,Te-St_764,764,testuser,test764@localhost.localdomain.com
testuser765,Te-St_765,765,testuser,test765@localhost.localdomain.com
testuser766,Te-St_766,766,testuser,test766@localhost.localdomain.com
testuser767,Te-St_767,767,testuser,test767@localhost.localdomain.com
testuser768,Te-St_768,768,testuser,test768@localhost.localdomain.com
testuser769,Te-St_769,769,testuser,test769@localhost.localdomain.com
testuser770,Te-St_770,770,testuser,test770@localhost.localdomain.com
testuser771,Te-St_771,771,testuser,test771@localhost.localdomain.com
testuser772,Te-St_772,772,testuser,test772@localhost.localdomain.com
testuser773,Te-St_773,773,testuser,test773@localhost.localdomain.com
testuser774,Te-St_774,774,testuser,test774@localhost.localdomain.com
testuser775,Te-St_775,775,testuser,test775@localhost.localdomain.com
testuser776,Te-St_776,776,testuser,test776@localhost.localdomain.com
testuser777,Te-St_777,777,testuser,test777@localhost.localdomain.com
testuser778,Te-St_778,778,testuser,test778@localhost.localdomain.com
testuser779,Te-St_779,779,testuser,test779@localhost.localdomain.com
testuser780,Te-St_780,780,testuser,test780@localhost.localdomain.com
testuser781,Te-St_781,781,testuser,test781@localhost.localdomain.com
testuser782,Te-St_782,782,testuser,test782@localhost.localdomain.com
testuser783,Te-St_783,783,testuser,test783@localhost.localdomain.com
testuser784,Te-St_784,784,testuser,test784@localhost.localdomain.com
testuser785,Te-St_785,785,testuser,test785@localhost.localdomain.com
testuser786,Te-St_786,786,testuser,test786@localhost.localdomain.com
testuser787,Te-St_787,787,testuser,test787@localhost.localdomain.com
testuser788,Te-St_788,788,testuser,test788@localhost.localdomain.com
testuser789,Te-St_789,789,testuser,test789@localhost.localdomain.com
testuser790,Te-St_790,790,testuser,test790@localhost.localdomain.com
testuser791,Te-St_791,791,testuser,test791@localhost.localdomain.com
testuser792,Te-St_792,792,testuser,test792@localhost.localdomain.com
testuser793,Te-St_793,793,testuser,test793@localhost.localdomain.com
testuser794,Te-St_794,794,testuser,test794@localhost.localdomain.com
testuser795,Te-St_795,795,testuser,test795@localhost.localdomain.com
testuser796,Te-St_796,796,testuser,test796@localhost.localdomain.com
testuser797,Te-St_797,797,testuser,test797@localhost.localdomain.com
testuser798,Te-St_798,798,testuser,test798@localhost.localdomain.com
testuser799,Te-St_799,799,testuser,test799@localhost.localdomain.com
testuser800,Te-St_800,800,testuser,test800@localhost.localdomain.com
testuser801,Te-St_801,801,testuser,test801@localhost.localdomain.com
testuser802,Te-St_802,802,testuser,test802@localhost.localdomain.com
testuser803,Te-St_803,803,testuser,test803@localhost.localdomain.com
testuser804,Te-St_804,804,testuser,test804@localhost.localdomain.com
testuser805,Te-St_805,805,testuser,test805@localhost.localdomain.com
testuser806,Te-St_806,806,testuser,test806@localhost.localdomain.com
testuser807,Te-St_807,807,testuser,test807@localhost.localdomain.com
testuser808,Te-St_808,808,testuser,test808@localhost.localdomain.com
testuser809,Te-St_809,809,testuser,test809@localhost.localdomain.com
testuser810,Te-St_810,810,testuser,test810@localhost.localdomain.com
testuser811,Te-St_811,811,testuser,test811@localhost.localdomain.com
testuser812,Te-St_812,812,testuser,test812@localhost.localdomain.com
testuser813,Te-St_813,813,testuser,test813@localhost.localdomain.com
testuser814,Te-St_814,814,testuser,test814@localhost.localdomain.com
testuser815,Te-St_815,815,testuser,test815@localhost.localdomain.com
testuser816,Te-St_816,816,testuser,test816@localhost.localdomain.com
testuser817,Te-St_817,817,testuser,test817@localhost.localdomain.com
testuser818,Te-St_818,818,testuser,test818@localhost.localdomain.com
testuser819,Te-St_819,819,testuser,test819@localhost.localdomain.com
testuser820,Te-St_820,820,testuser,test820@localhost.localdomain.com
testuser821,Te-St_821,821,testuser,test821@localhost.localdomain.com
testuser822,Te-St_822,822,testuser,test822@localhost.localdomain.com
testuser823,Te-St_823,823,testuser,test823@localhost.localdomain.com
testuser824,Te-St_824,824,testuser,test824@localhost.localdomain.com
testuser825,Te-St_825,825,testuser,test825@localhost.localdomain.com
testuser826,Te-St_826,826,testuser,test826@localhost.localdomain.com
testuser827,Te-St_827,827,testuser,test827@localhost.localdomain.com
testuser828,Te-St_828,828,testuser,test828@localhost.localdomain.com
testuser829,Te-St_829,829,testuser,test829@localhost.localdomain.com
testuser830,Te-St_830,830,testuser,test830@localhost.localdomain.com
testuser831,Te-St_831,831,testuser,test831@localhost.localdomain.com
testuser832,Te-St_832,832,testuser,test832@localhost.localdomain.com
testuser833,Te-St_833,833,testuser,test833@localhost.localdomain.com
testuser834,Te-St_834,834,testuser,test834@localhost.localdomain.com
testuser835,Te-St_835,835,testuser,test835@localhost.localdomain.com
testuser836,Te-St_836,836,testuser,test836@localhost.localdomain.com
testuser837,Te-St_837,837,testuser,test837@localhost.localdomain.com
testuser838,Te-St_838,838,testuser,test838@localhost.localdomain.com
testuser839,Te-St_839,839,testuser,test839@localhost.localdomain.com
testuser840,Te-St_840,840,testuser,test840@localhost.localdomain.com
testuser841,Te-St_841,841,testuser,test841@localhost.localdomain.com
testuser842,Te-St_842,842,testuser,test842@localhost.localdomain.com
testuser843,Te-St_843,843,testuser,test843@localhost.localdomain.com
testuser844,Te-St_844,844,testuser,test844@localhost.localdomain.com
testuser845,Te-St_845,845,testuser,test845@localhost.localdomain.com
testuser846,Te-St_846,846,testuser,test846@localhost.localdomain.com
testuser847,Te-St_847,847,testuser,test847@localhost.localdomain.com
testuser848,Te-St_848,848,testuser,test848@localhost.localdomain.com
testuser849,Te-St_849,849,testuser,test849@localhost.localdomain.com
testuser850,Te-St_850,850,testuser,test850@localhost.localdomain.com
testuser851,Te-St_851,851,testuser,test851@localhost.localdomain.com
testuser852,Te-St_852,852,testuser,test852@localhost.localdomain.com
testuser853,Te-St_853,853,testuser,test853@localhost.localdomain.com
testuser854,Te-St_854,854,testuser,test854@localhost.localdomain.com
testuser855,Te-St_855,855,testuser,test855@localhost.localdomain.com
testuser856,Te-St_856,856,testuser,test856@localhost.localdomain.com
testuser857,Te-St_857,857,testuser,test857@localhost.localdomain.com
testuser858,Te-St_858,858,testuser,test858@localhost.localdomain.com
testuser859,Te-St_859,859,testuser,test859@localhost.localdomain.com
testuser860,Te-St_860,860,testuser,test860@localhost.localdomain.com
testuser861,Te-St_861,861,testuser,test861@localhost.localdomain.com
testuser862,Te-St_862,862,testuser,test862@localhost.localdomain.com
testuser863,Te-St_863,863,testuser,test863@localhost.localdomain.com
testuser864,Te-St_864,864,testuser,test864@localhost.localdomain.com
testuser865,Te-St_865,865,testuser,test865@localhost.localdomain.com
testuser866,Te-St_866,866,testuser,test866@localhost.localdomain.com
testuser867,Te-St_867,867,testuser,test867@localhost.localdomain.com
testuser868,Te-St_868,868,testuser,test868@localhost.localdomain.com
testuser869,Te-St_869,869,testuser,test869@localhost.localdomain.com
testuser870,Te-St_870,870,testuser,test870@localhost.localdomain.com
testuser871,Te-St_871,871,testuser,test871@localhost.localdomain.com
testuser872,Te-St_872,872,testuser,test872@localhost.localdomain.com
testuser873,Te-St_873,873,testuser,test873@localhost.localdomain.com
testuser874,Te-St_874,874,testuser,test874@localhost.localdomain.com
testuser875,Te-St_875,875,testuser,test875@localhost.localdomain.com
testuser876,Te-St_876,876,testuser,test876@localhost.localdomain.com
testuser877,Te-St_877,877,testuser,test877@localhost.localdomain.com
testuser878,Te-St_878,878,testuser,test878@localhost.localdomain.com
testuser879,Te-St_879,879,testuser,test879@localhost.localdomain.com
testuser880,Te-St_880,880,testuser,test880@localhost.localdomain.com
testuser881,Te-St_881,881,testuser,test881@localhost.localdomain.com
testuser882,Te-St_882,882,testuser,test882@localhost.localdomain.com
testuser883,Te-St_883,883,testuser,test883@localhost.localdomain.com
testuser884,Te-St_884,884,testuser,test884@localhost.localdomain.com
testuser885,Te-St_885,885,testuser,test885@localhost.localdomain.com
testuser886,Te-St_886,886,testuser,test886@localhost.localdomain.com
testuser887,Te-St_887,887,testuser,test887@localhost.localdomain.com
testuser888,Te-St_888,888,testuser,test888@localhost.localdomain.com
testuser889,Te-St_889,889,testuser,test889@localhost.localdomain.com
testuser890,Te-St_890,890,testuser,test890@localhost.localdomain.com
testuser891,Te-St_891,891,testuser,test891@localhost.localdomain.com
testuser892,Te-St_892,892,testuser,test892@localhost.localdomain.com
testuser893,Te-St_893,893,testuser,test893@localhost.localdomain.com
testuser894,Te-St_894,894,testuser,test894@localhost.localdomain.com
testuser895,Te-St_895,895,testuser,test895@localhost.localdomain.com
testuser896,Te-St_896,896,testuser,test896@localhost.localdomain.com
testuser897,Te-St_897,897,testuser,test897@localhost.localdomain.com
testuser898,Te-St_898,898,testuser,test898@localhost.localdomain.com
testuser899,Te-St_899,899,testuser,test899@localhost.localdomain.com
testuser900,Te-St_900,900,testuser,test900@localhost.localdomain.com
testuser901,Te-St_901,901,testuser,test901@localhost.localdomain.com
testuser902,Te-St_902,902,testuser,test902@localhost.localdomain.com
testuser903,Te-St_903,903,testuser,test903@localhost.localdomain.com
testuser904,Te-St_904,904,testuser,test904@localhost.localdomain.com
testuser905,Te-St_905,905,testuser,test905@localhost.localdomain.com
testuser906,Te-St_906,906,testuser,test906@localhost.localdomain.com
testuser907,Te-St_907,907,testuser,test907@localhost.localdomain.com
testuser908,Te-St_908,908,testuser,test908@localhost.localdomain.com
testuser909,Te-St_909,909,testuser,test909@localhost.localdomain.com
testuser910,Te-St_910,910,testuser,test910@localhost.localdomain.com
testuser911,Te-St_911,911,testuser,test911@localhost.localdomain.com
testuser912,Te-St_912,912,testuser,test912@localhost.localdomain.com
testuser913,Te-St_913,913,testuser,test913@localhost.localdomain.com
testuser914,Te-St_914,914,testuser,test914@localhost.localdomain.com
testuser915,Te-St_915,915,testuser,test915@localhost.localdomain.com
testuser916,Te-St_916,916,testuser,test916@localhost.localdomain.com
testuser917,Te-St_917,917,testuser,test917@localhost.localdomain.com
testuser918,Te-St_918,918,testuser,test918@localhost.localdomain.com
testuser919,Te-St_919,919,testuser,test919@localhost.localdomain.com
testuser920,Te-St_920,920,testuser,test920@localhost.localdomain.com
testuser921,Te-St_921,921,testuser,test921@localhost.localdomain.com
testuser922,Te-St_922,922,testuser,test922@localhost.localdomain.com
testuser923,Te-St_923,923,testuser,test923@localhost.localdomain.com
testuser924,Te-St_924,924,testuser,test924@localhost.localdomain.com
testuser925,Te-St_925,925,testuser,test925@localhost.localdomain.com
testuser926,Te-St_926,926,testuser,test926@localhost.localdomain.com
testuser927,Te-St_927,927,testuser,test927@localhost.localdomain.com
testuser928,Te-St_928,928,testuser,test928@localhost.localdomain.com
testuser929,Te-St_929,929,testuser,test929@localhost.localdomain.com
testuser930,Te-St_930,930,testuser,test930@localhost.localdomain.com
testuser931,Te-St_931,931,testuser,test931@localhost.localdomain.com
testuser932,Te-St_932,932,testuser,test932@localhost.localdomain.com
testuser933,Te-St_933,933,testuser,test933@localhost.localdomain.com
testuser934,Te-St_934,934,testuser,test934@localhost.localdomain.com
testuser935,Te-St_935,935,testuser,test935@localhost.localdomain.com
testuser936,Te-St_936,936,testuser,test936@localhost.localdomain.com
testuser937,Te-St_937,937,testuser,test937@localhost.localdomain.com
testuser938,Te-St_938,938,testuser,test938@localhost.localdomain.com
testuser939,Te-St_939,939,testuser,test939@localhost.localdomain.com
testuser940,Te-St_940,940,testuser,test940@localhost.localdomain.com
testuser941,Te-St_941,941,testuser,test941@localhost.localdomain.com
testuser942,Te-St_942,942,testuser,test942@localhost.localdomain.com
testuser943,Te-St_943,943,testuser,test943@localhost.localdomain.com
testuser944,Te-St_944,944,testuser,test944@localhost.localdomain.com
testuser945,Te-St_945,945,testuser,test945@localhost.localdomain.com
testuser946,Te-St_946,946,testuser,test946@localhost.localdomain.com
testuser947,Te-St_947,947,testuser,test947@localhost.localdomain.com
testuser948,Te-St_948,948,testuser,test948@localhost.localdomain.com
testuser949,Te-St_949,949,testuser,test949@localhost.localdomain.com
testuser950,Te-St_950,950,testuser,test950@localhost.localdomain.com
testuser951,Te-St_951,951,testuser,test951@localhost.localdomain.com
testuser952,Te-St_952,952,testuser,test952@localhost.localdomain.com
testuser953,Te-St_953,953,testuser,test953@localhost.localdomain.com
testuser954,Te-St_954,954,testuser,test954@localhost.localdomain.com
testuser955,Te-St_955,955,testuser,test955@localhost.localdomain.com
testuser956,Te-St_956,956,testuser,test956@localhost.localdomain.com
testuser957,Te-St_957,957,testuser,test957@localhost.localdomain.com
testuser958,Te-St_958,958,testuser,test958@localhost.localdomain.com
testuser959,Te-St_959,959,testuser,test959@localhost.localdomain.com
testuser960,Te-St_960,960,testuser,test960@localhost.localdomain.com
testuser961,Te-St_961,961,testuser,test961@localhost.localdomain.com
testuser962,Te-St_962,962,testuser,test962@localhost.localdomain.com
testuser963,Te-St_963,963,testuser,test963@localhost.localdomain.com
testuser964,Te-St_964,964,testuser,test964@localhost.localdomain.com
testuser965,Te-St_965,965,testuser,test965@localhost.localdomain.com
testuser966,Te-St_966,966,testuser,test966@localhost.localdomain.com
testuser967,Te-St_967,967,testuser,test967@localhost.localdomain.com
testuser968,Te-St_968,968,testuser,test968@localhost.localdomain.com
testuser969,Te-St_969,969,testuser,test969@localhost.localdomain.com
testuser970,Te-St_970,970,testuser,test970@localhost.localdomain.com
testuser971,Te-St_971,971,testuser,test971@localhost.localdomain.com
testuser972,Te-St_972,972,testuser,test972@localhost.localdomain.com
testuser973,Te-St_973,973,testuser,test973@localhost.localdomain.com
testuser974,Te-St_974,974,testuser,test974@localhost.localdomain.com
testuser975,Te-St_975,975,testuser,test975@localhost.localdomain.com
testuser976,Te-St_976,976,testuser,test976@localhost.localdomain.com
testuser977,Te-St_977,977,testuser,test977@localhost.localdomain.com
testuser978,Te-St_978,978,testuser,test978@localhost.localdomain.com
testuser979,Te-St_979,979,testuser,test979@localhost.localdomain.com
testuser980,Te-St_980,980,testuser,test980@localhost.localdomain.com
testuser981,Te-St_981,981,testuser,test981@localhost.localdomain.com
testuser982,Te-St_982,982,testuser,test982@localhost.localdomain.com
testuser983,Te-St_983,983,testuser,test983@localhost.localdomain.com
testuser984,Te-St_984,984,testuser,test984@localhost.localdomain.com
testuser985,Te-St_985,985,testuser,test985@localhost.localdomain.com
testuser986,Te-St_986,986,testuser,test986@localhost.localdomain.com
testuser987,Te-St_987,987,testuser,test987@localhost.localdomain.com
testuser988,Te-St_988,988,testuser,test988@localhost.localdomain.com
testuser989,Te-St_989,989,testuser,test989@localhost.localdomain.com
testuser990,Te-St_990,990,testuser,test990@localhost.localdomain.com
testuser991,Te-St_991,991,testuser,test991@localhost.localdomain.com
testuser992,Te-St_992,992,testuser,test992@localhost.localdomain.com
testuser993,Te-St_993,993,testuser,test993@localhost.localdomain.com
testuser994,Te-St_994,994,testuser,test994@localhost.localdomain.com
testuser995,Te-St_995,995,testuser,test995@localhost.localdomain.com
testuser996,Te-St_996,996,testuser,test996@localhost.localdomain.com
testuser997,Te-St_997,997,testuser,test997@localhost.localdomain.com
testuser998,Te-St_998,998,testuser,test998@localhost.localdomain.com
testuser999,Te-St_999,999,testuser,test999@localhost.localdomain.com
testuser1000,Te-St_1000,1000,testuser,test1000@localhost.localdomain.com